user choice,recommendation
song07,song04
song07,song06
song07,song12
song07,song15
song07,song18
song07,song26
song07,song27
song07,song32
song07,song37
song07,song39
song07,song40
song07,song45
song11,song01
song11,song02
song11,song16
song11,song19
song11,song20
song11,song28
song11,song29
song11,song30
song11,song36
song11,song41
song11,song42
song11,song43
song11,song44
song11,song46
song11,song48
song11,song49
song13,song03
song13,song05
song13,song08
song13,song09
song13,song10
song13,song14
song13,song17
song13,song21
song13,song22
song13,song23
song13,song24
song13,song25
song13,song31
song13,song33
song13,song34
song13,song35
song13,song38
song13,song47
song13,song50
